file	path	bytes	classification
addLog	addLog.m	2021	KEEP_ACTIVE_TOOLBOX_FILE
buildFooterLabel	buildFooterLabel.m	242	KEEP_ACTIVE_TOOLBOX_FILE
datasetDropdownCallback	datasetDropdownCallback.m	983	KEEP_ACTIVE_TOOLBOX_FILE
deConfUSIon	deConfUSIon.m	460	KEEP_LAUNCHER_RUNTIME
deConfUSIon_compact_chain_name	deConfUSIon_compact_chain_name.m	1811	KEEP_ACTIVE_TOOLBOX_FILE
deConfUSIon_force_fullscreen_fig	deConfUSIon_force_fullscreen_fig.m	839	KEEP_GUI_TIMER_CALLBACK
deConfUSIon_make_loaded_display_name	deConfUSIon_make_loaded_display_name.m	851	KEEP_ACTIVE_TOOLBOX_FILE
deConfUSIon_pcaica_scope_tag	deConfUSIon_pcaica_scope_tag.m	287	KEEP_ACTIVE_TOOLBOX_FILE
deConfUSIon_popup_autofit_apply	deConfUSIon_popup_autofit_apply.m	255	KEEP_GUI_TIMER_CALLBACK
deConfUSIon_prepare_atlas	deConfUSIon_prepare_atlas.m	1532	KEEP_JM_ATLAS_RUNTIME
interpolateRejectedVolumes	interpolateRejectedVolumes.m	906	KEEP_ACTIVE_TOOLBOX_FILE
shortenMiddle	shortenMiddle.m	1016	KEEP_ACTIVE_TOOLBOX_FILE
studio_mkdir	studio_mkdir.m	70	KEEP_ACTIVE_TOOLBOX_FILE
tryReadSCMroiExportTxt	tryReadSCMroiExportTxt.m	1096	KEEP_ACTIVE_TOOLBOX_FILE
deConfUSIon_reorder_FC_by_list	atlas_tools\deConfUSIon_reorder_FC_by_list.m	813	KEEP_ACTIVE_TOOLBOX_FILE
save_correct_colors	atlas_tools\save_correct_colors.m	1044	KEEP_ACTIVE_TOOLBOX_FILE
